,folds,test_auc,val_auc,test_acc,val_acc
0,0,1.0,1.0,0.8787878787878788,1.0
1,1,1.0,1.0,1.0,1.0
2,2,0.9928571428571429,1.0,0.9696969696969697,0.9696969696969697
3,3,1.0,1.0,1.0,1.0
4,4,0.9444444444444444,0.99,0.935483870967742,0.9393939393939394
5,5,1.0,1.0,1.0,1.0
6,6,1.0,1.0,1.0,1.0
7,7,1.0,1.0,1.0,1.0
8,8,1.0,1.0,1.0,1.0
9,9,1.0,1.0,1.0,1.0
