,folds,test_auc,test_acc
0,0,1.0,0.962962962962963
1,1,0.9831932773109244,0.9166666666666666
2,2,1.0,0.962962962962963
3,3,0.9920634920634921,0.96
4,4,0.8721804511278196,0.8461538461538461
5,5,1.0,0.9545454545454546
6,6,0.8645833333333334,0.9090909090909091
7,7,1.0,0.9130434782608696
8,8,1.0,0.9090909090909091
9,9,0.9841269841269842,0.8888888888888888
